Number of nodes,Number of edges,Edge probability,Algorithm,Results,Number of basic operations,Execution time,Number of solutions tested
4,3,0.125,Exhaustive Search,"[[2, 3], [1, 3], [0, 2]]",12,0.0003571510314941406,11
4,3,0.125,Maximal Clique - Simple Greedy,"[0, 2]",2,4.744529724121094e-05,4
4,3,0.125,Maximum Clique - Branch Bound Greedy,"[2, 3]",Not used,8.940696716308594e-05,1
4,4,0.25,Exhaustive Search,"[[0, 2, 3]]",8,0.00019550323486328125,6
4,4,0.25,Maximal Clique - Simple Greedy,"[0, 2, 3]",3,4.982948303222656e-05,4
4,4,0.25,Maximum Clique - Branch Bound Greedy,"[0, 2, 3]",Not used,8.177757263183594e-05,2
4,5,0.5,Exhaustive Search,"[[1, 2, 3], [0, 2, 3]]",10,0.00021266937255859375,6
4,5,0.5,Maximal Clique - Simple Greedy,"[0, 2, 3]",4,5.245208740234375e-05,4
4,5,0.5,Maximum Clique - Branch Bound Greedy,"[0, 2, 3]",Not used,8.20159912109375e-05,3
4,5,0.75,Exhaustive Search,"[[1, 2, 3], [0, 1, 2]]",14,0.0001995563507080078,6
4,5,0.75,Maximal Clique - Simple Greedy,"[0, 1, 2]",4,4.9114227294921875e-05,4
4,5,0.75,Maximum Clique - Branch Bound Greedy,"[0, 1, 2]",Not used,0.00010728836059570312,4
5,6,0.125,Exhaustive Search,"[[1, 3, 4]]",25,0.00033664703369140625,17
5,6,0.125,Maximal Clique - Simple Greedy,"[1, 3, 4]",3,7.081031799316406e-05,5
5,6,0.125,Maximum Clique - Branch Bound Greedy,"[1, 3, 4]",Not used,0.00015306472778320312,5
5,7,0.25,Exhaustive Search,"[[1, 3, 4], [0, 1, 3]]",40,0.00038242340087890625,17
5,7,0.25,Maximal Clique - Simple Greedy,"[0, 1, 3]",4,9.012222290039062e-05,5
5,7,0.25,Maximum Clique - Branch Bound Greedy,"[0, 1, 3]",Not used,9.560585021972656e-05,6
5,9,0.5,Exhaustive Search,"[[0, 2, 3, 4], [0, 1, 2, 3]]",35,0.00030422210693359375,7
5,9,0.5,Maximal Clique - Simple Greedy,"[0, 1, 2, 3]",8,4.887580871582031e-05,5
5,9,0.5,Maximum Clique - Branch Bound Greedy,"[0, 1, 2, 3]",Not used,0.00010752677917480469,7
5,9,0.75,Exhaustive Search,"[[0, 2, 3, 4], [0, 1, 2, 3]]",35,0.0002465248107910156,7
5,9,0.75,Maximal Clique - Simple Greedy,"[0, 1, 2, 3]",8,6.341934204101562e-05,5
5,9,0.75,Maximum Clique - Branch Bound Greedy,"[0, 1, 2, 3]",Not used,0.00012040138244628906,8
6,7,0.125,Exhaustive Search,"[[2, 3, 5], [1, 4, 5]]",52,0.0010919570922851562,43
6,7,0.125,Maximal Clique - Simple Greedy,"[1, 4, 5]",3,6.747245788574219e-05,6
6,7,0.125,Maximum Clique - Branch Bound Greedy,"[2, 3, 5]",Not used,8.916854858398438e-05,9
6,7,0.25,Exhaustive Search,"[[4, 5], [3, 4], [2, 4], [1, 5], [1, 3], [1, 2], [0, 1]]",91,0.0011417865753173828,57
6,7,0.25,Maximal Clique - Simple Greedy,"[0, 1]",4,0.0001068115234375,6
6,7,0.25,Maximum Clique - Branch Bound Greedy,"[1, 2]",Not used,0.00010061264038085938,10
6,9,0.5,Exhaustive Search,"[[2, 4, 5], [2, 3, 4], [1, 2, 4], [0, 2, 5]]",72,0.0008995532989501953,43
6,9,0.5,Maximal Clique - Simple Greedy,"[2, 3, 4]",3,8.988380432128906e-05,6
6,9,0.5,Maximum Clique - Branch Bound Greedy,"[2, 4, 5]",Not used,0.00015473365783691406,11
6,12,0.75,Exhaustive Search,"[[0, 3, 4, 5], [0, 2, 4, 5], [0, 1, 3, 5]]",89,0.0011715888977050781,23
6,12,0.75,Maximal Clique - Simple Greedy,"[0, 1, 3, 5]",8,0.00011134147644042969,6
6,12,0.75,Maximum Clique - Branch Bound Greedy,"[0, 3, 4, 5]",Not used,0.00011777877807617188,12
7,9,0.125,Exhaustive Search,"[[0, 2, 3, 5]]",113,0.001382589340209961,73
7,9,0.125,Maximal Clique - Simple Greedy,"[0, 2, 3, 5]",6,9.393692016601562e-05,7
7,9,0.125,Maximum Clique - Branch Bound Greedy,"[0, 2, 3, 5]",Not used,0.00013947486877441406,13
7,10,0.25,Exhaustive Search,"[[4, 5, 6], [2, 4, 5], [2, 3, 5], [0, 2, 5]]",157,0.0016078948974609375,100
7,10,0.25,Maximal Clique - Simple Greedy,"[0, 2, 5]",6,6.0558319091796875e-05,7
7,10,0.25,Maximum Clique - Branch Bound Greedy,"[2, 4, 5]",Not used,0.00014853477478027344,14
7,18,0.5,Exhaustive Search,"[[2, 3, 4, 5, 6], [0, 2, 3, 4, 6], [0, 1, 2, 3, 4]]",147,0.001577615737915039,30
7,18,0.5,Maximal Clique - Simple Greedy,"[2, 3, 4, 5, 6]",10,7.104873657226562e-05,7
7,18,0.5,Maximum Clique - Branch Bound Greedy,"[0, 2, 3, 4, 6]",Not used,0.00013709068298339844,15
7,18,0.75,Exhaustive Search,"[[1, 4, 5, 6], [1, 3, 4, 5], [1, 2, 5, 6], [1, 2, 3, 5], [0, 1, 4, 6], [0, 1, 3, 4], [0, 1, 2, 6], [0, 1, 2, 3]]",306,0.0015797615051269531,65
7,18,0.75,Maximal Clique - Simple Greedy,"[0, 1, 3, 4]",10,5.459785461425781e-05,7
7,18,0.75,Maximum Clique - Branch Bound Greedy,"[0, 1, 2, 3]",Not used,0.0001316070556640625,16
8,8,0.125,Exhaustive Search,"[[6, 7], [5, 7], [4, 7], [3, 4], [2, 7], [1, 6], [1, 3], [0, 1]]",335,0.005080699920654297,247
8,8,0.125,Maximal Clique - Simple Greedy,"[3, 4]",2,5.340576171875e-05,8
8,8,0.125,Maximum Clique - Branch Bound Greedy,"[1, 3]",Not used,0.0003039836883544922,19
8,18,0.25,Exhaustive Search,"[[4, 5, 6, 7], [1, 4, 5, 6], [1, 3, 4, 6], [0, 3, 4, 6]]",340,0.0052416324615478516,164
8,18,0.25,Maximal Clique - Simple Greedy,"[0, 3, 4, 6]",9,7.367134094238281e-05,8
8,18,0.25,Maximum Clique - Branch Bound Greedy,"[1, 3, 4, 6]",Not used,0.00011229515075683594,20
8,19,0.5,Exhaustive Search,"[[3, 5, 6, 7], [2, 4, 6, 7], [2, 3, 6, 7], [0, 3, 5, 7]]",324,0.005987405776977539,164
8,19,0.5,Maximal Clique - Simple Greedy,"[2, 3, 6, 7]",9,5.936622619628906e-05,8
8,19,0.5,Maximum Clique - Branch Bound Greedy,"[2, 4, 6, 7]",Not used,0.0004506111145019531,23
8,23,0.75,Exhaustive Search,"[[0, 3, 5, 6, 7], [0, 3, 4, 5, 6], [0, 2, 3, 6, 7], [0, 2, 3, 4, 6]]",546,0.0026493072509765625,95
8,23,0.75,Maximal Clique - Simple Greedy,"[0, 1, 2, 4]",12,6.008148193359375e-05,8
8,23,0.75,Maximum Clique - Branch Bound Greedy,"[0, 2, 3, 4, 6]",Not used,0.00011324882507324219,24
9,9,0.125,Exhaustive Search,"[[2, 5, 6]]",483,0.007348299026489258,467
9,9,0.125,Maximal Clique - Simple Greedy,"[0, 7]",3,0.0001227855682373047,9
9,9,0.125,Maximum Clique - Branch Bound Greedy,"[2, 5, 6]",Not used,0.00012612342834472656,25
9,13,0.25,Exhaustive Search,"[[4, 5, 7], [2, 3, 6], [1, 6, 8], [1, 2, 6]]",611,0.007263660430908203,467
9,13,0.25,Maximal Clique - Simple Greedy,"[2, 3, 6]",3,5.364418029785156e-05,9
9,13,0.25,Maximum Clique - Branch Bound Greedy,"[1, 2, 6]",Not used,0.0001087188720703125,26
9,27,0.5,Exhaustive Search,"[[2, 3, 6, 7, 8], [2, 3, 4, 7, 8], [2, 3, 4, 5, 7]]",838,0.0063629150390625,262
9,27,0.5,Maximal Clique - Simple Greedy,"[1, 4, 7, 8]",11,5.602836608886719e-05,9
9,27,0.5,Maximum Clique - Branch Bound Greedy,"[2, 3, 4, 7, 8]",Not used,0.00010704994201660156,27
9,25,0.75,Exhaustive Search,"[[2, 3, 6, 8], [1, 3, 5, 6], [1, 2, 3, 6], [0, 4, 5, 7], [0, 1, 4, 5], [0, 1, 2, 4]]",1182,0.009822368621826172,387
9,25,0.75,Maximal Clique - Simple Greedy,"[1, 2, 3, 6]",9,0.00010418891906738281,9
9,25,0.75,Maximum Clique - Branch Bound Greedy,"[2, 3, 6, 8]",Not used,0.00039315223693847656,30
10,11,0.125,Exhaustive Search,"[[0, 4, 9]]",1082,0.015769004821777344,969
10,11,0.125,Maximal Clique - Simple Greedy,"[3, 8]",1,7.271766662597656e-05,10
10,11,0.125,Maximum Clique - Branch Bound Greedy,"[0, 4, 9]",Not used,0.0003361701965332031,33
10,23,0.25,Exhaustive Search,"[[3, 4, 7, 8, 9]]",1100,0.015437602996826172,644
10,23,0.25,Maximal Clique - Simple Greedy,"[2, 5]",3,8.130073547363281e-05,10
10,23,0.25,Maximum Clique - Branch Bound Greedy,"[3, 4, 7, 8, 9]",Not used,0.00015020370483398438,34
10,34,0.5,Exhaustive Search,"[[1, 2, 7, 8, 9], [1, 2, 5, 7, 8], [0, 3, 4, 6, 9]]",1813,0.01682567596435547,667
10,34,0.5,Maximal Clique - Simple Greedy,"[0, 2, 3, 9]",10,6.413459777832031e-05,10
10,34,0.5,Maximum Clique - Branch Bound Greedy,"[1, 2, 5, 7, 8]",Not used,0.0022089481353759766,55
10,32,0.75,Exhaustive Search,"[[0, 1, 2, 6, 8, 9]]",1457,0.010200023651123047,421
10,32,0.75,Maximal Clique - Simple Greedy,"[2, 3, 4, 5, 6]",14,6.103515625e-05,10
10,32,0.75,Maximum Clique - Branch Bound Greedy,"[0, 1, 2, 6, 8, 9]",Not used,0.00011444091796875,56
11,12,0.125,Exhaustive Search,"[[9, 10], [8, 10], [7, 8], [6, 9], [5, 9], [4, 9], [3, 6], [2, 8], [1, 9], [1, 7], [1, 3], [0, 5]]",2279,0.03560042381286621,2036
11,12,0.125,Maximal Clique - Simple Greedy,"[2, 8]",3,8.225440979003906e-05,11
11,12,0.125,Maximum Clique - Branch Bound Greedy,"[7, 8]",Not used,0.00030732154846191406,59
11,23,0.25,Exhaustive Search,"[[1, 4, 7, 8]]",2776,0.03414511680603027,1838
11,23,0.25,Maximal Clique - Simple Greedy,"[0, 4, 6]",5,8.916854858398438e-05,11
11,23,0.25,Maximum Clique - Branch Bound Greedy,"[1, 4, 7, 8]",Not used,0.00012063980102539062,60
11,35,0.5,Exhaustive Search,"[[3, 5, 7, 8, 10]]",3778,0.032004594802856445,1487
11,35,0.5,Maximal Clique - Simple Greedy,"[0, 1, 3, 6]",10,7.534027099609375e-05,11
11,35,0.5,Maximum Clique - Branch Bound Greedy,"[3, 5, 7, 8, 10]",Not used,0.0001163482666015625,61
11,43,0.75,Exhaustive Search,"[[0, 5, 6, 7, 8, 10], [0, 4, 5, 7, 9, 10], [0, 4, 5, 6, 7, 10], [0, 1, 5, 6, 8, 10], [0, 1, 4, 5, 9, 10], [0, 1, 4, 5, 6, 10]]",3935,0.025671958923339844,1029
11,43,0.75,Maximal Clique - Simple Greedy,"[0, 1, 4, 5, 6, 10]",25,5.602836608886719e-05,11
11,43,0.75,Maximum Clique - Branch Bound Greedy,"[0, 4, 5, 6, 7, 10]",Not used,0.0001327991485595703,62
12,17,0.125,Exhaustive Search,"[[6, 9, 11]]",5792,0.07343888282775879,4018
12,17,0.125,Maximal Clique - Simple Greedy,"[0, 10]",3,6.413459777832031e-05,12
12,17,0.125,Maximum Clique - Branch Bound Greedy,"[6, 9, 11]",Not used,0.0005252361297607422,67
12,22,0.25,Exhaustive Search,"[[7, 8, 9], [5, 7, 9], [3, 10, 11], [2, 7, 10], [2, 7, 8], [2, 6, 10], [2, 3, 10], [0, 8, 9]]",4762,0.0707249641418457,4018
12,22,0.25,Maximal Clique - Simple Greedy,"[2, 3, 10]",4,6.031990051269531e-05,12
12,22,0.25,Maximum Clique - Branch Bound Greedy,"[2, 7, 10]",Not used,0.00039696693420410156,70
12,37,0.5,Exhaustive Search,"[[0, 2, 6, 7, 9], [0, 2, 4, 6, 9]]",8054,0.06952095031738281,3307
12,37,0.5,Maximal Clique - Simple Greedy,"[0, 2, 4, 6, 9]",15,8.606910705566406e-05,12
12,37,0.5,Maximum Clique - Branch Bound Greedy,"[0, 2, 6, 7, 9]",Not used,0.00012493133544921875,71
12,49,0.75,Exhaustive Search,"[[3, 6, 8, 9, 10, 11], [3, 4, 8, 9, 10, 11], [2, 3, 6, 8, 10, 11], [2, 3, 4, 8, 10, 11], [1, 4, 8, 9, 10, 11]]",5516,0.05473899841308594,2512
12,49,0.75,Maximal Clique - Simple Greedy,"[0, 1, 5]",10,6.413459777832031e-05,12
12,49,0.75,Maximum Clique - Branch Bound Greedy,"[3, 4, 8, 9, 10, 11]",Not used,0.00012826919555664062,72
13,21,0.125,Exhaustive Search,"[[9, 11, 12], [3, 5, 11], [3, 5, 10], [1, 10, 12], [1, 6, 12]]",9906,0.1492290496826172,8101
13,21,0.125,Maximal Clique - Simple Greedy,"[1, 10, 12]",5,5.412101745605469e-05,13
13,21,0.125,Maximum Clique - Branch Bound Greedy,"[1, 6, 12]",Not used,0.00014710426330566406,73
13,27,0.25,Exhaustive Search,"[[7, 9, 11, 12], [5, 7, 9, 12]]",9592,0.1536853313446045,7816
13,27,0.25,Maximal Clique - Simple Greedy,"[1, 4]",3,8.296966552734375e-05,13
13,27,0.25,Maximum Clique - Branch Bound Greedy,"[5, 7, 9, 12]",Not used,0.00013375282287597656,74
13,46,0.5,Exhaustive Search,"[[2, 3, 9, 11, 12], [1, 2, 3, 9, 12]]",19028,0.14369940757751465,7227
13,46,0.5,Maximal Clique - Simple Greedy,"[0, 1, 2, 6]",17,0.00010585784912109375,13
13,46,0.5,Maximum Clique - Branch Bound Greedy,"[2, 3, 9, 11, 12]",Not used,0.002820253372192383,91
13,59,0.75,Exhaustive Search,"[[6, 7, 8, 9, 10, 11, 12], [5, 6, 7, 8, 10, 11, 12]]",10262,0.10316967964172363,4097
13,59,0.75,Maximal Clique - Simple Greedy,"[0, 2, 5, 8, 12]",18,8.893013000488281e-05,13
13,59,0.75,Maximum Clique - Branch Bound Greedy,"[6, 7, 8, 9, 10, 11, 12]",Not used,0.0017418861389160156,102
14,24,0.125,Exhaustive Search,"[[3, 4, 10], [2, 6, 12], [1, 8, 10], [0, 8, 10]]",18729,0.29831886291503906,16279
14,24,0.125,Maximal Clique - Simple Greedy,"[2, 9]",4,7.605552673339844e-05,14
14,24,0.125,Maximum Clique - Branch Bound Greedy,"[1, 8, 10]",Not used,0.00012540817260742188,103
14,34,0.25,Exhaustive Search,"[[1, 5, 8, 11]]",27796,0.3380093574523926,15917
14,34,0.25,Maximal Clique - Simple Greedy,"[1, 2, 8]",8,8.368492126464844e-05,14
14,34,0.25,Maximum Clique - Branch Bound Greedy,"[1, 5, 8, 11]",Not used,0.0001342296600341797,104
14,44,0.5,Exhaustive Search,"[[2, 4, 12, 13], [2, 3, 6, 8], [1, 2, 3, 8], [0, 11, 12, 13]]",30947,0.3244969844818115,15915
14,44,0.5,Maximal Clique - Simple Greedy,"[0, 1]",6,5.817413330078125e-05,14
14,44,0.5,Maximum Clique - Branch Bound Greedy,"[0, 11, 12, 13]",Not used,0.001024007797241211,111
14,76,0.75,Exhaustive Search,"[[5, 7, 8, 9, 10, 11, 12, 13], [4, 5, 7, 8, 9, 10, 11, 12], [0, 5, 7, 8, 9, 11, 12, 13], [0, 4, 5, 7, 8, 9, 11, 12]]",43059,0.19940781593322754,6477
14,76,0.75,Maximal Clique - Simple Greedy,"[0, 1, 2, 4, 5, 9, 11]",28,0.00011229515075683594,14
14,76,0.75,Maximum Clique - Branch Bound Greedy,"[0, 4, 5, 7, 8, 9, 11, 12]",Not used,0.0001399517059326172,112
15,23,0.125,Exhaustive Search,"[[9, 13, 14], [9, 10, 14], [9, 10, 11]]",37938,0.5981786251068115,32648
15,23,0.125,Maximal Clique - Simple Greedy,"[0, 3]",4,5.888938903808594e-05,15
15,23,0.125,Maximum Clique - Branch Bound Greedy,"[9, 10, 11]",Not used,0.00012731552124023438,113
15,35,0.25,Exhaustive Search,"[[6, 7, 13, 14], [2, 6, 7, 14]]",44499,0.6034200191497803,32198
15,35,0.25,Maximal Clique - Simple Greedy,"[1, 9]",5,6.29425048828125e-05,15
15,35,0.25,Maximum Clique - Branch Bound Greedy,"[6, 7, 13, 14]",Not used,0.0011472702026367188,120
15,64,0.5,Exhaustive Search,"[[5, 7, 9, 10, 11], [5, 6, 7, 10, 11], [4, 11, 12, 13, 14], [4, 9, 11, 12, 14], [4, 7, 9, 11, 14], [4, 5, 7, 9, 11], [2, 4, 5, 8, 9], [1, 4, 12, 13, 14], [1, 4, 9, 12, 14], [1, 4, 7, 9, 14], [0, 11, 12, 13, 14], [0, 9, 11, 12, 14], [0, 7, 9, 11, 14], [0, 1, 12, 13, 14], [0, 1, 9, 12, 14], [0, 1, 7, 9, 14]]",52709,0.617565393447876,30828
15,64,0.5,Maximal Clique - Simple Greedy,"[0, 1, 7, 9, 14]",21,7.605552673339844e-05,15
15,64,0.5,Maximum Clique - Branch Bound Greedy,"[0, 11, 12, 13, 14]",Not used,0.001641988754272461,129
15,88,0.75,Exhaustive Search,"[[2, 3, 4, 5, 6, 7, 8, 10, 11, 14], [0, 2, 3, 4, 5, 6, 7, 8, 10, 11]]",31451,0.19775128364562988,4988
15,88,0.75,Maximal Clique - Simple Greedy,"[0, 2, 3, 4, 5, 6, 7, 8, 10, 11]",51,0.00011157989501953125,15
15,88,0.75,Maximum Clique - Branch Bound Greedy,"[2, 3, 4, 5, 6, 7, 8, 10, 11, 14]",Not used,0.00017189979553222656,130
16,23,0.125,Exhaustive Search,"[[12, 14, 15], [7, 12, 15], [4, 13, 15], [4, 11, 15], [4, 6, 15]]",75746,1.261282205581665,65400
16,23,0.125,Maximal Clique - Simple Greedy,"[4, 6, 15]",10,6.031990051269531e-05,16
16,23,0.125,Maximum Clique - Branch Bound Greedy,"[4, 6, 15]",Not used,0.00012350082397460938,131
16,44,0.25,Exhaustive Search,"[[0, 5, 11, 13]]",73719,1.3133461475372314,64840
16,44,0.25,Maximal Clique - Simple Greedy,"[0, 5, 8]",10,5.6743621826171875e-05,16
16,44,0.25,Maximum Clique - Branch Bound Greedy,"[0, 5, 11, 13]",Not used,0.0006823539733886719,136
16,66,0.5,Exhaustive Search,"[[2, 3, 13, 14, 15], [2, 3, 10, 13, 14], [2, 3, 6, 10, 14], [1, 3, 4, 7, 10]]",122201,1.367027997970581,63515
16,66,0.5,Maximal Clique - Simple Greedy,"[0, 2, 5, 9]",11,7.557868957519531e-05,16
16,66,0.5,Maximum Clique - Branch Bound Greedy,"[2, 3, 10, 13, 14]",Not used,0.002323150634765625,151
16,98,0.75,Exhaustive Search,"[[6, 8, 9, 10, 12, 13, 14], [6, 7, 8, 9, 10, 12, 13], [3, 8, 9, 10, 12, 13, 14], [3, 7, 8, 9, 10, 12, 13], [1, 3, 8, 10, 12, 13, 14], [1, 3, 8, 10, 11, 13, 14], [1, 3, 7, 8, 10, 12, 13], [1, 3, 7, 8, 10, 11, 13], [1, 2, 3, 10, 11, 13, 14], [1, 2, 3, 7, 10, 11, 13], [0, 6, 8, 9, 10, 12, 14], [0, 6, 7, 8, 9, 10, 12], [0, 3, 8, 9, 10, 12, 14], [0, 3, 7, 8, 9, 10, 12], [0, 2, 4, 5, 6, 9, 14], [0, 2, 4, 5, 6, 7, 9], [0, 2, 3, 4, 5, 9, 14], [0, 2, 3, 4, 5, 7, 9], [0, 1, 3, 8, 10, 12, 14], [0, 1, 3, 8, 10, 11, 14], [0, 1, 3, 7, 8, 10, 12], [0, 1, 3, 7, 8, 10, 11], [0, 1, 3, 5, 8, 11, 14], [0, 1, 3, 5, 7, 8, 11], [0, 1, 2, 3, 10, 11, 14], [0, 1, 2, 3, 7, 10, 11], [0, 1, 2, 3, 5, 11, 14], [0, 1, 2, 3, 5, 7, 11], [0, 1, 2, 3, 4, 5, 14], [0, 1, 2, 3, 4, 5, 7]]",381150,1.9188463687896729,50665
16,98,0.75,Maximal Clique - Simple Greedy,"[1, 2, 3, 4, 7, 13]",35,7.462501525878906e-05,16
16,98,0.75,Maximum Clique - Branch Bound Greedy,"[6, 8, 9, 10, 12, 13, 14]",Not used,0.02315354347229004,286
17,33,0.125,Exhaustive Search,"[[4, 7, 15, 16]]",153061,2.491516590118408,130297
17,33,0.125,Maximal Clique - Simple Greedy,"[4, 7, 15, 16]",8,0.0001251697540283203,17
17,33,0.125,Maximum Clique - Branch Bound Greedy,"[4, 7, 15, 16]",Not used,0.0001251697540283203,287
17,46,0.25,Exhaustive Search,"[[10, 12, 15, 16], [1, 2, 7, 15]]",237542,2.706372022628784,130243
17,46,0.25,Maximal Clique - Simple Greedy,"[4, 9, 10]",9,9.226799011230469e-05,17
17,46,0.25,Maximum Clique - Branch Bound Greedy,"[1, 2, 7, 15]",Not used,0.0015337467193603516,298
17,81,0.5,Exhaustive Search,"[[6, 8, 10, 12, 14, 15], [0, 6, 8, 14, 15, 16]]",284843,2.6261017322540283,121748
17,81,0.5,Maximal Clique - Simple Greedy,"[0, 2, 4, 6, 14]",18,7.200241088867188e-05,17
17,81,0.5,Maximum Clique - Branch Bound Greedy,"[0, 6, 8, 14, 15, 16]",Not used,0.03241133689880371,337
17,105,0.75,Exhaustive Search,"[[0, 3, 4, 6, 8, 13, 14, 16]]",499438,2.6717727184295654,92624
17,105,0.75,Maximal Clique - Simple Greedy,"[0, 1, 3, 4, 7, 13]",31,9.083747863769531e-05,17
17,105,0.75,Maximum Clique - Branch Bound Greedy,"[0, 3, 4, 6, 8, 13, 14, 16]",Not used,0.01699995994567871,410
18,34,0.125,Exhaustive Search,"[[9, 16, 17], [9, 15, 17], [9, 14, 16], [6, 10, 12], [4, 10, 14], [2, 14, 16], [2, 13, 16], [0, 1, 4]]",358493,5.437477350234985,261973
18,34,0.125,Maximal Clique - Simple Greedy,"[5, 11]",2,7.43865966796875e-05,18
18,34,0.125,Maximum Clique - Branch Bound Greedy,"[9, 15, 17]",Not used,0.0019216537475585938,417
18,56,0.25,Exhaustive Search,"[[11, 13, 16, 17], [5, 13, 16, 17], [5, 10, 13, 17], [4, 5, 10, 12], [2, 4, 5, 12], [1, 9, 16, 17], [1, 9, 15, 17]]",352116,5.252954721450806,261161
18,56,0.25,Maximal Clique - Simple Greedy,"[2, 7]",2,6.699562072753906e-05,18
18,56,0.25,Maximum Clique - Branch Bound Greedy,"[5, 10, 13, 17]",Not used,0.0009047985076904297,422
18,88,0.5,Exhaustive Search,"[[7, 10, 12, 13, 14, 17], [5, 10, 12, 14, 16, 17], [5, 7, 10, 12, 14, 17], [5, 7, 9, 10, 12, 17], [2, 5, 10, 12, 16, 17], [2, 5, 9, 10, 12, 17]]",769542,6.235077619552612,249530
18,88,0.5,Maximal Clique - Simple Greedy,"[5, 10, 11, 12]",8,6.389617919921875e-05,18
18,88,0.5,Maximum Clique - Branch Bound Greedy,"[7, 10, 12, 13, 14, 17]",Not used,0.01127934455871582,491
18,132,0.75,Exhaustive Search,"[[0, 1, 2, 3, 4, 6, 8, 12, 13, 16, 17], [0, 1, 2, 3, 4, 6, 8, 10, 12, 16, 17], [0, 1, 2, 3, 4, 6, 8, 9, 12, 13, 16], [0, 1, 2, 3, 4, 6, 8, 9, 10, 12, 16]]",704817,3.007258653640747,81334
18,132,0.75,Maximal Clique - Simple Greedy,"[0, 1, 2, 3, 4, 6, 8, 9, 10, 12, 16]",79,0.00011515617370605469,18
18,132,0.75,Maximum Clique - Branch Bound Greedy,"[0, 1, 2, 3, 4, 6, 8, 12, 13, 16, 17]",Not used,0.0002300739288330078,492
19,35,0.125,Exhaustive Search,"[[7, 9, 14, 16], [0, 6, 11, 17]]",569438,10.168776035308838,523141
19,35,0.125,Maximal Clique - Simple Greedy,"[6, 8]",3,0.00010418891906738281,19
19,35,0.125,Maximum Clique - Branch Bound Greedy,"[0, 6, 11, 17]",Not used,0.0005128383636474609,495
19,54,0.25,Exhaustive Search,"[[13, 14, 17, 18], [4, 10, 11, 13], [0, 14, 16, 17]]",939499,10.790017366409302,523130
19,54,0.25,Maximal Clique - Simple Greedy,"[2, 5, 18]",13,8.296966552734375e-05,19
19,54,0.25,Maximum Clique - Branch Bound Greedy,"[0, 14, 16, 17]",Not used,0.0013513565063476562,498
19,102,0.5,Exhaustive Search,"[[2, 8, 11, 12, 13, 14, 17]]",1130390,10.559287548065186,480735
19,102,0.5,Maximal Clique - Simple Greedy,"[1, 2, 6, 8, 17]",17,6.961822509765625e-05,19
19,102,0.5,Maximum Clique - Branch Bound Greedy,"[2, 8, 11, 12, 13, 14, 17]",Not used,0.0002830028533935547,499
19,123,0.75,Exhaustive Search,"[[0, 5, 6, 7, 8, 15, 16, 17]]",871207,9.35447883605957,431362
19,123,0.75,Maximal Clique - Simple Greedy,"[0, 4, 5, 6, 7, 8]",41,6.651878356933594e-05,19
19,123,0.75,Maximum Clique - Branch Bound Greedy,"[0, 5, 6, 7, 8, 15, 16, 17]",Not used,0.037705421447753906,552
20,34,0.125,Exhaustive Search,"[[11, 16, 19], [11, 15, 16], [11, 13, 16], [10, 11, 19], [8, 10, 19], [4, 8, 10], [4, 5, 8], [3, 4, 8], [0, 5, 8]]",1181011,21.43803334236145,1048366
20,34,0.125,Maximal Clique - Simple Greedy,"[12, 14]",3,7.557868957519531e-05,20
20,34,0.125,Maximum Clique - Branch Bound Greedy,"[8, 10, 19]",Not used,0.0001404285430908203,553
20,66,0.25,Exhaustive Search,"[[15, 17, 18, 19], [15, 16, 18, 19], [14, 15, 17, 18], [12, 15, 17, 19], [7, 11, 12, 19], [6, 9, 16, 19], [2, 15, 16, 19], [2, 13, 14, 15], [2, 12, 15, 19], [2, 12, 13, 15], [2, 10, 14, 15], [2, 7, 12, 19], [0, 7, 11, 19]]",1234177,21.366062879562378,1047226
20,66,0.25,Maximal Clique - Simple Greedy,"[8, 14, 18]",8,8.511543273925781e-05,20
20,66,0.25,Maximum Clique - Branch Bound Greedy,"[2, 10, 14, 15]",Not used,0.0026388168334960938,562
20,101,0.5,Exhaustive Search,"[[1, 7, 10, 14, 16, 17], [1, 4, 7, 14, 16, 17], [1, 4, 7, 13, 14, 17], [1, 4, 6, 7, 13, 14], [0, 7, 10, 17, 18, 19], [0, 7, 10, 15, 17, 18], [0, 7, 8, 10, 15, 17], [0, 3, 10, 15, 17, 18], [0, 3, 8, 10, 15, 17]]",1499556,21.586586475372314,1027053
20,101,0.5,Maximal Clique - Simple Greedy,"[0, 3, 8, 10, 15, 17]",22,8.106231689453125e-05,20
20,101,0.5,Maximum Clique - Branch Bound Greedy,"[1, 4, 6, 7, 13, 14]",Not used,0.003846883773803711,581
20,155,0.75,Exhaustive Search,"[[2, 3, 4, 7, 10, 11, 12, 18, 19], [2, 3, 4, 6, 7, 11, 12, 18, 19], [0, 3, 4, 7, 9, 14, 15, 16, 18], [0, 3, 4, 7, 9, 10, 14, 15, 18], [0, 3, 4, 6, 7, 9, 14, 15, 18], [0, 2, 3, 4, 7, 14, 15, 16, 18], [0, 2, 3, 4, 7, 10, 14, 15, 18], [0, 2, 3, 4, 6, 7, 14, 15, 18]]",5000221,24.738178730010986,805087
20,155,0.75,Maximal Clique - Simple Greedy,"[0, 2, 3, 4, 5, 6, 8, 14]",61,9.1552734375e-05,20
20,155,0.75,Maximum Clique - Branch Bound Greedy,"[2, 3, 4, 6, 7, 11, 12, 18, 19]",Not used,0.00022602081298828125,582
21,51,0.125,Exhaustive Search,"[[3, 9, 10, 17]]",2229126,42.253560304641724,2095601
21,51,0.125,Maximal Clique - Simple Greedy,"[0, 5]",5,6.151199340820312e-05,21
21,51,0.125,Maximum Clique - Branch Bound Greedy,"[3, 9, 10, 17]",Not used,0.0005590915679931641,585
21,64,0.25,Exhaustive Search,"[[0, 6, 12, 16, 19]]",2546835,45.643728494644165,2090670
21,64,0.25,Maximal Clique - Simple Greedy,"[4, 9, 19]",4,7.557868957519531e-05,21
21,64,0.25,Maximum Clique - Branch Bound Greedy,"[0, 6, 12, 16, 19]",Not used,0.001435995101928711,590
21,116,0.5,Exhaustive Search,"[[3, 4, 7, 10, 17, 19], [3, 4, 6, 7, 17, 19], [3, 4, 6, 7, 14, 19], [2, 3, 7, 10, 17, 19], [2, 3, 6, 7, 17, 19]]",4353450,51.59918665885925,2071689
21,116,0.5,Maximal Clique - Simple Greedy,"[0, 1, 8, 11, 15]",20,0.00010132789611816406,21
21,116,0.5,Maximum Clique - Branch Bound Greedy,"[3, 4, 6, 7, 17, 19]",Not used,0.0027158260345458984,597
21,158,0.75,Exhaustive Search,"[[0, 1, 3, 4, 7, 11, 13, 18, 19, 20], [0, 1, 3, 4, 7, 11, 13, 14, 18, 20], [0, 1, 2, 3, 4, 7, 11, 14, 18, 20]]",6276895,48.69092679023743,1529527
21,158,0.75,Maximal Clique - Simple Greedy,"[0, 1, 2, 3, 4, 7, 11, 14, 18, 20]",60,9.202957153320312e-05,21
21,158,0.75,Maximum Clique - Branch Bound Greedy,"[0, 1, 2, 3, 4, 7, 11, 14, 18, 20]",Not used,0.00018858909606933594,598
22,46,0.125,Exhaustive Search,"[[18, 20, 21], [18, 19, 20], [8, 18, 20], [7, 8, 18], [5, 17, 21], [5, 14, 21], [5, 11, 14], [3, 8, 18], [3, 8, 13]]",5498285,148.00607872009277,4194051
22,46,0.125,Maximal Clique - Simple Greedy,"[3, 8, 13]",8,9.417533874511719e-05,22
22,46,0.125,Maximum Clique - Branch Bound Greedy,"[18, 20, 21]",Not used,0.000152587890625,599
22,80,0.25,Exhaustive Search,"[[11, 15, 17, 19], [10, 14, 17, 21], [10, 14, 15, 17], [10, 11, 15, 17], [5, 17, 18, 19], [1, 3, 6, 14], [0, 3, 12, 20], [0, 1, 3, 11]]",6429811,107.01831793785095,4192520
22,80,0.25,Maximal Clique - Simple Greedy,"[3, 10, 11]",11,6.580352783203125e-05,22
22,80,0.25,Maximum Clique - Branch Bound Greedy,"[1, 3, 6, 14]",Not used,0.0014128684997558594,606
22,117,0.5,Exhaustive Search,"[[1, 6, 15, 16, 18, 20], [1, 2, 15, 16, 18, 20]]",7633787,97.32106137275696,4161894
22,117,0.5,Maximal Clique - Simple Greedy,"[0, 1, 6, 10, 16]",19,8.58306884765625e-05,22
22,117,0.5,Maximum Clique - Branch Bound Greedy,"[1, 6, 15, 16, 18, 20]",Not used,0.002469301223754883,615
22,178,0.75,Exhaustive Search,"[[2, 4, 7, 15, 16, 17, 18, 19, 20], [2, 4, 7, 13, 15, 16, 17, 18, 19], [2, 4, 7, 10, 15, 16, 17, 18, 20], [2, 4, 7, 10, 13, 15, 16, 17, 18], [2, 3, 7, 15, 16, 17, 18, 19, 20], [2, 3, 7, 13, 15, 16, 17, 18, 19], [2, 3, 7, 10, 15, 16, 17, 18, 20], [2, 3, 7, 10, 13, 15, 16, 17, 18], [1, 2, 3, 7, 15, 16, 17, 18, 20], [0, 3, 15, 16, 17, 18, 19, 20, 21], [0, 3, 13, 15, 16, 17, 18, 19, 21], [0, 3, 10, 15, 16, 17, 18, 20, 21], [0, 3, 10, 13, 15, 16, 17, 18, 21], [0, 3, 7, 15, 16, 17, 18, 19, 20], [0, 3, 7, 13, 15, 16, 17, 18, 19], [0, 3, 7, 10, 15, 16, 17, 18, 20], [0, 3, 7, 10, 13, 15, 16, 17, 18], [0, 3, 5, 16, 17, 18, 19, 20, 21], [0, 3, 5, 13, 16, 17, 18, 19, 21], [0, 3, 5, 7, 16, 17, 18, 19, 20], [0, 3, 5, 7, 13, 16, 17, 18, 19], [0, 1, 3, 15, 16, 17, 18, 20, 21], [0, 1, 3, 7, 15, 16, 17, 18, 20], [0, 1, 3, 5, 16, 17, 18, 20, 21], [0, 1, 3, 5, 7, 16, 17, 18, 20]]",10306274,101.60860347747803,3618245
22,178,0.75,Maximal Clique - Simple Greedy,"[0, 5, 8, 13, 17, 18, 21]",35,8.153915405273438e-05,22
22,178,0.75,Maximum Clique - Branch Bound Greedy,"[0, 3, 5, 7, 13, 16, 17, 18, 19]",Not used,0.03790783882141113,724
23,58,0.125,Exhaustive Search,"[[6, 17, 18, 22]]",10935813,202.99935030937195,8386561
23,58,0.125,Maximal Clique - Simple Greedy,"[2, 15]",3,0.00027251243591308594,23
23,58,0.125,Maximum Clique - Branch Bound Greedy,"[6, 17, 18, 22]",Not used,0.0027697086334228516,735
23,82,0.25,Exhaustive Search,"[[12, 17, 19, 22], [12, 17, 18, 19], [12, 15, 17, 18], [9, 12, 18, 19], [5, 8, 14, 22], [1, 4, 6, 15]]",12383340,201.94346618652344,8386574
23,82,0.25,Maximal Clique - Simple Greedy,"[2, 3]",5,7.104873657226562e-05,23
23,82,0.25,Maximum Clique - Branch Bound Greedy,"[12, 17, 19, 22]",Not used,0.0006923675537109375,738
23,133,0.5,Exhaustive Search,"[[3, 5, 7, 10, 18, 19], [1, 3, 7, 10, 18, 19], [0, 10, 11, 14, 16, 18], [0, 5, 10, 11, 14, 18], [0, 3, 5, 10, 11, 18], [0, 3, 5, 7, 10, 18], [0, 1, 3, 7, 10, 18], [0, 1, 2, 3, 7, 18]]",23347049,218.13116121292114,8344249
23,133,0.5,Maximal Clique - Simple Greedy,"[3, 5, 11, 20]",19,0.00010585784912109375,23
23,133,0.5,Maximum Clique - Branch Bound Greedy,"[3, 5, 7, 10, 18, 19]",Not used,0.012547969818115234,803
23,191,0.75,Exhaustive Search,"[[5, 6, 7, 8, 9, 10, 17, 19, 21], [3, 5, 7, 9, 10, 11, 12, 14, 17], [3, 5, 6, 7, 9, 10, 11, 12, 17], [1, 3, 5, 10, 11, 12, 14, 15, 22], [1, 3, 5, 10, 11, 12, 14, 15, 17]]",22477214,214.51874089241028,7531743
23,191,0.75,Maximal Clique - Simple Greedy,"[0, 2, 3, 4, 14, 16, 18]",41,9.036064147949219e-05,23
23,191,0.75,Maximum Clique - Branch Bound Greedy,"[5, 6, 7, 8, 9, 10, 17, 19, 21]",Not used,0.001224517822265625,806
24,47,0.125,Exhaustive Search,"[[14, 21, 22], [8, 14, 21], [1, 8, 17], [0, 4, 18]]",18251167,413.22895216941833,16776916
24,47,0.125,Maximal Clique - Simple Greedy,"[8, 14, 21]",5,8.249282836914062e-05,24
24,47,0.125,Maximum Clique - Branch Bound Greedy,"[8, 14, 21]",Not used,0.002971172332763672,823
24,87,0.25,Exhaustive Search,"[[9, 13, 14, 21], [3, 18, 19, 21], [3, 13, 18, 21], [3, 13, 18, 20], [3, 7, 18, 19], [3, 7, 13, 18], [3, 7, 12, 13], [3, 5, 12, 13], [3, 4, 7, 19], [2, 9, 13, 21], [2, 7, 9, 13], [1, 3, 19, 21], [1, 3, 7, 19], [1, 3, 7, 12], [1, 3, 6, 19]]",23025724,411.1109461784363,16774892
24,87,0.25,Maximal Clique - Simple Greedy,"[0, 14, 21]",6,0.00011301040649414062,24
24,87,0.25,Maximum Clique - Branch Bound Greedy,"[1, 3, 7, 19]",Not used,0.00600743293762207,840
24,141,0.5,Exhaustive Search,"[[5, 6, 9, 15, 18, 20], [5, 6, 8, 15, 18, 20], [5, 6, 8, 15, 16, 18], [1, 2, 7, 10, 15, 19]]",32955368,424.41573882102966,16723849
24,141,0.5,Maximal Clique - Simple Greedy,"[0, 7, 18, 21, 22]",23,8.630752563476562e-05,24
24,141,0.5,Maximum Clique - Branch Bound Greedy,"[1, 2, 7, 10, 15, 19]",Not used,0.010487556457519531,881
24,218,0.75,Exhaustive Search,"[[0, 2, 9, 10, 12, 13, 15, 18, 20, 22], [0, 2, 6, 9, 10, 12, 13, 15, 20, 22], [0, 1, 2, 9, 10, 12, 15, 18, 20, 22], [0, 1, 2, 6, 9, 10, 12, 15, 20, 22]]",58961664,443.64880871772766,14326722
24,218,0.75,Maximal Clique - Simple Greedy,"[0, 1, 2, 3, 9, 15, 18, 20, 22]",57,9.083747863769531e-05,24
24,218,0.75,Maximum Clique - Branch Bound Greedy,"[0, 2, 6, 9, 10, 12, 13, 15, 20, 22]",Not used,0.030583620071411133,886
25,55,0.125,Exhaustive Search,"[[15, 20, 23], [13, 16, 17], [13, 14, 17], [10, 12, 18], [8, 9, 10], [6, 22, 23], [5, 14, 17], [4, 6, 16], [3, 18, 22], [3, 18, 21], [3, 12, 18], [2, 3, 21], [1, 23, 24], [0, 8, 9]]",36621066,794.4890294075012,33554107
25,55,0.125,Maximal Clique - Simple Greedy,"[11, 12]",2,0.00014328956604003906,25
25,55,0.125,Maximum Clique - Branch Bound Greedy,"[0, 8, 9]",Not used,0.0043184757232666016,895
25,97,0.25,Exhaustive Search,"[[9, 17, 18, 19], [4, 21, 22, 23], [4, 5, 21, 23], [2, 5, 23, 24], [1, 3, 8, 15], [0, 18, 21, 22], [0, 18, 20, 22], [0, 14, 18, 21], [0, 14, 17, 18], [0, 9, 17, 18], [0, 4, 21, 22], [0, 4, 14, 21], [0, 4, 9, 16]]",49138241,807.0832505226135,33551807
25,97,0.25,Maximal Clique - Simple Greedy,"[0, 9, 17, 18]",12,9.441375732421875e-05,25
25,97,0.25,Maximum Clique - Branch Bound Greedy,"[1, 3, 8, 15]",Not used,0.005292415618896484,908
25,170,0.5,Exhaustive Search,"[[3, 10, 12, 14, 18, 20, 24], [0, 9, 10, 12, 14, 20, 24], [0, 3, 10, 12, 14, 20, 24]]",83092502,856.2033979892731,33312939
25,170,0.5,Maximal Clique - Simple Greedy,"[0, 3, 10, 12, 14, 20, 24]",37,8.249282836914062e-05,25
25,170,0.5,Maximum Clique - Branch Bound Greedy,"[0, 3, 10, 12, 14, 20, 24]",Not used,0.05315041542053223,1023
25,220,0.75,Exhaustive Search,"[[4, 5, 6, 8, 14, 15, 17, 18, 20, 22], [4, 5, 6, 8, 12, 14, 15, 17, 20, 22], [2, 4, 5, 6, 8, 14, 15, 17, 20, 22]]",102014521,859.789413690567,29809183
25,220,0.75,Maximal Clique - Simple Greedy,"[1, 2, 4, 6, 14, 15, 20, 22]",45,0.00011539459228515625,25
25,220,0.75,Maximum Clique - Branch Bound Greedy,"[2, 4, 5, 6, 8, 14, 15, 17, 20, 22]",Not used,0.046920061111450195,1226
